feature,importance
X3,0.496270756833952
X1,0.32165690942260794
X2,0.18207233374344003
